{
    "produits": [
      {
        "id": 1,
        "libelle": "Ordinateur 1",
        "prix": 1000,
        "quantite": 10,
        "categories": ["Tech", "Electronique"],
        "datePeremption": "12-12-2024"
      },
      {
        "id": 2,
        "libelle": "Clavier 2",
        "prix": 150,
        "quantite":5,
        "categories": ["Tech"],
        "datePeremption": "15-10-2024"
      },
      {
        "id": 3,
        "libelle": "Raspberry",
        "prix": 50000,
        "quantite": 20,
        "categories": ["Electronique"],
        "datePeremption": null
      }
    ]
  }
  